{
  "num_layers": 36,
  "num_heads": 16,
  "total_heads_swept": 576,
  "num_images": 26,
  "mean_delta": [
    [
      9.7840576171875,
      4.478455066680908,
      9.870556831359863,
      4.319019317626953,
      3.799633502960205,
      7.6730241775512695,
      4.052576541900635,
      4.824864387512207,
      6.722558975219727,
      9.053593635559082,
      7.9390130043029785,
      7.692110061645508,
      10.811888694763184,
      13.661043167114258,
      3.996203660964966,
      4.394994735717773
    ],
    [
      2.7162413597106934,
      4.522747993469238,
      3.1645712852478027,
      3.145209550857544,
      3.079763174057007,
      2.7407002449035645,
      2.1258134841918945,
      2.419013500213623,
      3.506993532180786,
      3.3604869842529297,
      2.6307671070098877,
      5.1737236976623535,
      2.602511167526245,
      4.024106979370117,
      3.0556437969207764,
      3.03281307220459
    ],
    [
      3.1397383213043213,
      4.896181583404541,
      2.065722942352295,
      3.4732632637023926,
      2.890872001647949,
      2.2208287715911865,
      4.089325428009033,
      3.0562636852264404,
      3.1271064281463623,
      3.994520664215088,
      3.047189235687256,
      3.1336700916290283,
      3.0957858562469482,
      4.18538761138916,
      3.1045026779174805,
      5.2933125495910645
    ],
    [
      5.1266045570373535,
      1.8793236017227173,
      3.063680410385132,
      2.012681722640991,
      2.6258978843688965,
      3.6590123176574707,
      4.345813751220703,
      3.2618908882141113,
      2.8878653049468994,
      2.2180557250976562,
      2.3812777996063232,
      2.965883255004883,
      4.270461082458496,
      4.575079917907715,
      2.86592173576355,
      3.3453261852264404
    ],
    [
      5.126409530639648,
      6.860227584838867,
      2.33258056640625,
      3.7107996940612793,
      7.268674373626709,
      5.464134693145752,
      2.9981324672698975,
      3.3165926933288574,
      4.095434665679932,
      4.093162536621094,
      4.861122131347656,
      3.2262091636657715,
      3.157285213470459,
      4.126993179321289,
      3.7854654788970947,
      6.958195209503174
    ],
    [
      3.2988059520721436,
      3.513956069946289,
      3.7582592964172363,
      4.839918613433838,
      4.89661979675293,
      5.17446231842041,
      4.8853983879089355,
      4.775349140167236,
      3.502277374267578,
      5.607523441314697,
      1.4483669996261597,
      5.552186965942383,
      8.454989433288574,
      5.971540927886963,
      9.004919052124023,
      2.0437629222869873
    ],
    [
      6.456298828125,
      4.8894267082214355,
      4.002719402313232,
      4.5537848472595215,
      4.040774822235107,
      5.186617374420166,
      4.69935941696167,
      4.0149335861206055,
      4.349180221557617,
      6.196552276611328,
      4.234254837036133,
      6.9011664390563965,
      4.851468086242676,
      4.490386009216309,
      3.6346874237060547,
      5.58945369720459
    ],
    [
      4.808297634124756,
      4.563099384307861,
      4.634848594665527,
      8.872533798217773,
      6.760320663452148,
      4.1669487953186035,
      3.6346192359924316,
      4.55869197845459,
      5.177934169769287,
      3.5722646713256836,
      4.156801223754883,
      3.99588680267334,
      5.278509616851807,
      4.746462821960449,
      3.6960837841033936,
      4.043313503265381
    ],
    [
      4.385447025299072,
      3.378668785095215,
      5.551108360290527,
      4.026009559631348,
      7.007615566253662,
      5.033515453338623,
      4.37697172164917,
      5.457207202911377,
      4.896018028259277,
      3.2219104766845703,
      3.450584650039673,
      4.5191168785095215,
      6.2932634353637695,
      5.076142311096191,
      3.771941900253296,
      4.8522138595581055
    ],
    [
      5.174321174621582,
      5.325671195983887,
      4.927410125732422,
      5.102756500244141,
      4.5447492599487305,
      4.939845085144043,
      4.865494728088379,
      5.918735027313232,
      3.941973924636841,
      5.549513816833496,
      3.7651875019073486,
      3.320338249206543,
      4.449146747589111,
      4.425564765930176,
      6.34750509262085,
      4.468570232391357
    ],
    [
      4.577690124511719,
      3.6614818572998047,
      4.7984747886657715,
      6.853368282318115,
      3.8794941902160645,
      7.3869194984436035,
      5.201186180114746,
      5.565443992614746,
      5.066657066345215,
      5.039469242095947,
      5.674152851104736,
      5.338919162750244,
      4.342046737670898,
      4.0501813888549805,
      3.2383227348327637,
      5.254044532775879
    ],
    [
      5.137572288513184,
      4.246057987213135,
      3.78289794921875,
      3.7451138496398926,
      5.003396987915039,
      4.850974082946777,
      5.671858787536621,
      3.8235275745391846,
      6.201124668121338,
      5.073388576507568,
      5.203967571258545,
      6.125302791595459,
      4.009156703948975,
      4.108985424041748,
      6.165159225463867,
      5.501694202423096
    ],
    [
      5.683339595794678,
      5.350126266479492,
      5.590443134307861,
      5.366220951080322,
      5.309288024902344,
      3.7860233783721924,
      5.878549575805664,
      4.654982566833496,
      6.35601806640625,
      5.190703868865967,
      5.368138790130615,
      3.5947859287261963,
      4.938462734222412,
      5.8462371826171875,
      3.94211483001709,
      5.382352352142334
    ],
    [
      3.9915900230407715,
      4.428853511810303,
      4.749919414520264,
      3.614215850830078,
      3.8449180126190186,
      4.11189603805542,
      5.632430553436279,
      3.456061363220215,
      5.1902313232421875,
      3.7748608589172363,
      2.754333972930908,
      3.7425241470336914,
      2.8609249591827393,
      3.2631888389587402,
      2.910109043121338,
      4.4045891761779785
    ],
    [
      5.05181884765625,
      6.247995376586914,
      6.224621295928955,
      4.698614120483398,
      6.034152030944824,
      5.931858539581299,
      4.172802925109863,
      5.518185615539551,
      5.389022350311279,
      4.85684061050415,
      5.257879734039307,
      5.896762847900391,
      4.9036335945129395,
      5.169050216674805,
      5.462656021118164,
      4.8830132484436035
    ],
    [
      4.443724155426025,
      5.652581214904785,
      4.074044704437256,
      3.2555646896362305,
      7.911518573760986,
      5.305773735046387,
      5.971038341522217,
      3.5450632572174072,
      5.148120880126953,
      5.100246429443359,
      4.976790428161621,
      5.001357078552246,
      5.468918800354004,
      4.119194984436035,
      5.146265029907227,
      6.3593525886535645
    ],
    [
      6.218496799468994,
      4.411940574645996,
      7.027226448059082,
      5.185025691986084,
      4.742827892303467,
      5.919504642486572,
      4.768174648284912,
      6.283910274505615,
      6.275240421295166,
      4.476189136505127,
      7.088137626647949,
      6.275049686431885,
      6.047552585601807,
      5.259432315826416,
      5.952386856079102,
      4.681496620178223
    ],
    [
      5.465280532836914,
      5.389986038208008,
      6.3084797859191895,
      5.998049736022949,
      6.045385360717773,
      4.945343971252441,
      6.1196393966674805,
      3.73203444480896,
      4.660057544708252,
      4.312828063964844,
      9.52531623840332,
      7.458840847015381,
      3.352555751800537,
      5.222573280334473,
      5.979387283325195,
      3.2469279766082764
    ],
    [
      6.170684814453125,
      6.189817428588867,
      5.092615604400635,
      7.463459491729736,
      5.125683307647705,
      4.815196514129639,
      4.342430114746094,
      3.6264429092407227,
      4.473714351654053,
      5.255387783050537,
      4.14017915725708,
      7.254453659057617,
      6.743513107299805,
      5.388383388519287,
      6.903894424438477,
      5.043937683105469
    ],
    [
