{
  "ocr2_corrected_reference": 26,
  "phase_2_17_patched_h14_match_corrected": {
    "n_match": 0,
    "n": 26,
    "rate": 0.0
  },
  "phase_2_17_patched_h7_match_corrected": {
    "n_match": 0,
    "n": 26,
    "rate": 0.0
  },
  "phase_2_17_patched_h8_match_corrected": {
    "n_match": 0,
    "n": 26,
    "rate": 0.0
  },
  "phase_2_17_patched_all_heads_match_corrected": {
    "n_match": 0,
    "n": 26,
    "rate": 0.0
  },
  "phase_2_20_match_corrected_per_layer": [
    0.07692307692307693,
    0.07692307692307693,
    0.15384615384615385,
    0.15384615384615385,
    0.15384615384615385,
    0.15384615384615385,
    0.15384615384615385,
    0.19230769230769232,
    0.23076923076923078,
    0.23076923076923078,
    0.34615384615384615,
    0.3076923076923077,
    0.34615384615384615,
    0.38461538461538464,
    0.4230769230769231,
    0.38461538461538464,
    0.38461538461538464,
    0.46153846153846156,
    0.5,
    0.5,
    0.6153846153846154,
    0.7307692307692307,
    0.6923076923076923,
    0.7307692307692307,
    0.7307692307692307,
    0.7692307692307693,
    0.7692307692307693,
    0.7692307692307693,
    0.7692307692307693,
    0.7692307692307693,
    0.8076923076923077,
    0.8461538461538461,
    0.8846153846153846,
    0.8846153846153846,
    0.9230769230769231,
    0.6923076923076923
  ],
  "phase_2_20_peak_match_rate": 0.9230769230769231,
  "phase_2_20_L35_match_rate": 0.6923076923076923,
  "phase_2_20_first_match_L": [
    21,
    16,
    27,
    17,
    13,
    30,
    0,
    2,
    0,
    2,
    17,
    21,
    25,
    8,
    10,
    30,
    17,
    9,
    24,
    20,
    19,
    18,
    14,
    12,
    7,
    10
  ],
  "phase_2_20_n_ever_match": 26,
  "phase_2_20_first_match_median": 16,
  "figure_pdf": "code/figures/fig4c_match_corrected.pdf"
}