{
  "n_images": 26,
  "ocr2_per_block_mean": [
    11.629354476928711,
    5.233383655548096,
    12.871733665466309,
    8.502904891967773,
    10.92945671081543,
    12.990594863891602,
    13.718992233276367,
    14.748727798461914,
    14.703482627868652,
    17.154747009277344,
    18.86180305480957,
    21.67262840270996,
    21.9798583984375,
    20.15186882019043,
    21.13853645324707,
    20.520212173461914,
    20.2860107421875,
    20.802858352661133,
    21.565574645996094,
    22.369728088378906,
    24.45017433166504,
    22.411741256713867,
    23.302236557006836,
    24.651582717895508,
    26.562713623046875,
    28.668224334716797,
    31.948049545288086,
    34.838802337646484,
    35.296016693115234,
    37.13970184326172,
    64.8907241821289,
    57.71416473388672,
    71.94690704345703,
    91.56697082519531,
    90.69464874267578,
    158.6057891845703
  ],
  "ocr_s_per_block_mean": [
    8.842357635498047,
    3.711678981781006,
    5.3583831787109375,
    6.6143412590026855,
    8.717401504516602,
    10.479264259338379,
    10.61299991607666,
    11.732575416564941,
    11.549763679504395,
    13.982305526733398,
    15.055248260498047,
    17.3470401763916,
    17.76511001586914,
    16.304460525512695,
    17.344552993774414,
    17.04629898071289,
    17.185335159301758,
    17.448118209838867,
    18.186750411987305,
    19.066545486450195,
    20.818471908569336,
    18.939619064331055,
    19.77511215209961,
    21.02305793762207,
    22.701210021972656,
    24.39486312866211,
    27.180551528930664,
    29.973283767700195,
    30.28767204284668,
    31.667850494384766,
    44.408817291259766,
    49.466270446777344,
    61.85706329345703,
    78.57569885253906,
    76.96737670898438,
    120.20741271972656
  ],
  "ocr2_peak_block": 35,
  "ocr2_peak_value": 158.6057891845703,
  "ocr2_top5_blocks": [
    35,
    33,
    34,
    32,
    30
  ],
  "ocr2_share_last6_blocks": 0.4629567861557007,
  "ocr2_share_first6_blocks": 0.05374518036842346,
  "ocr2_share_mid24_blocks": 0.48329803347587585,
  "corroboration_r_on_block_curves": 0.9945100631052078
}