{
  "num_images": 26,
  "num_layers": 37,
  "categories": {
    "docvqa": {
      "n_images": 6,
      "mean_curve": [
        32.28196716308594,
        37.049251556396484,
        38.00703811645508,
        45.20345687866211,
        46.5350456237793,
        48.56441116333008,
        51.18220901489258,
        52.78226852416992,
        54.176055908203125,
        55.6242790222168,
        57.59013366699219,
        58.46917724609375,
        60.029605865478516,
        59.76521682739258,
        60.802921295166016,
        60.78547286987305,
        61.535003662109375,
        61.66215896606445,
        63.06008529663086,
        65.25623321533203,
        67.99430084228516,
        71.28179168701172,
        72.20877838134766,
        72.7293472290039,
        75.41947937011719,
        78.23136901855469,
        81.11668395996094,
        86.2778549194336,
        92.5789794921875,
        97.36083984375,
        103.53292083740234,
        132.07713317871094,
        144.9720001220703,
        168.08164978027344,
        187.5404510498047,
        215.38763427734375,
        127.5885009765625
      ],
      "peak_layer": 35,
      "peak_value": 215.38763427734375
    },
    "handwritten": {
      "n_images": 4,
      "mean_curve": [
        25.49336814880371,
        30.79793930053711,
        32.076751708984375,
        39.089332580566406,
        40.35420227050781,
        42.4669303894043,
        44.80599594116211,
        46.97966003417969,
        48.84832000732422,
        50.80485534667969,
        53.302040100097656,
        54.9232177734375,
        57.77117156982422,
        57.39599609375,
        58.635581970214844,
        58.73604965209961,
        60.14705276489258,
        60.54928970336914,
        62.466941833496094,
        64.79910278320312,
        67.07194519042969,
        70.32725524902344,
        71.60523986816406,
        72.55671691894531,
        75.7586898803711,
        78.95466613769531,
        82.92691802978516,
        88.63106536865234,
        92.57611083984375,
        97.43858337402344,
        104.13249206542969,
        128.534423828125,
        143.04644775390625,
        166.26353454589844,
        185.6172332763672,
        215.90821838378906,
        136.48855590820312
      ],
      "peak_layer": 35,
      "peak_value": 215.90821838378906
    },
    "arxiv": {
      "n_images": 4,
      "mean_curve": [
        14.274127960205078,
        18.876739501953125,
        19.758031845092773,
        27.02984619140625,
        28.313274383544922,
        30.2928409576416,
        32.32215118408203,
        34.081199645996094,
        35.66383361816406,
        37.50517654418945,
        39.39707946777344,
        40.969364166259766,
        43.53071975708008,
        44.34060287475586,
        45.95557403564453,
        46.661888122558594,
        48.45655059814453,
        49.370506286621094,
        51.500022888183594,
        53.726318359375,
        55.686317443847656,
        58.9450798034668,
        60.69679260253906,
        61.83275604248047,
        65.10717010498047,
        67.98509979248047,
        71.41934204101562,
        76.41226196289062,
        80.61963653564453,
        85.6139907836914,
        92.8598403930664,
        116.1473388671875,
        133.794677734375,
        157.6626434326172,
        179.36471557617188,
        208.70196533203125,
        123.43507385253906
      ],
      "peak_layer": 35,
      "peak_value": 208.70196533203125
    },
    "receipt": {
      "n_images": 4,
      "mean_curve": [
        25.35753059387207,
        30.70549774169922,
        31.66828727722168,
        38.85124206542969,
        40.18217086791992,
        42.33321762084961,
        44.932769775390625,
        46.58984375,
        48.202674865722656,
        49.65242004394531,
        51.43459701538086,
        52.524436950683594,
        54.353675842285156,
        54.67100143432617,
        55.85408020019531,
        56.0343017578125,
        57.02510070800781,
        57.353553771972656,
        59.08513641357422,
        61.17784881591797,
        63.462730407714844,
        66.63194274902344,
        68.27033996582031,
        69.22303009033203,
        72.27538299560547,
        74.67179870605469,
        78.12068176269531,
        83.43306732177734,
        87.66152954101562,
        92.56910705566406,
        98.93751525878906,
        125.67628479003906,
        140.549560546875,
        165.15574645996094,
        187.01821899414062,
        217.6782684326172,
        133.69703674316406
      ],
      "peak_layer": 35,
      "peak_value": 217.6782684326172
    },
    "form": {
      "n_images": 4,
      "mean_curve": [
        32.457271575927734,
        37.22757339477539,
        38.144500732421875,
        45.51156997680664,
        46.856109619140625,
        49.06761169433594,
        51.92687225341797,
        53.66938781738281,
        55.25203323364258,
        56.735347747802734,
        58.5003662109375,
        59.185768127441406,
        60.71063232421875,
        60.243614196777344,
        61.305728912353516,
        61.43677520751953,
        62.32011413574219,
        62.65802001953125,
        64.10991668701172,
        66.39971160888672,
        69.19075775146484,
        72.49418640136719,
        73.46931457519531,
        73.94111633300781,
        76.48965454101562,
        79.22903442382812,
        81.94033813476562,
        86.75942993164062,
        92.58389282226562,
        97.05952453613281,
        102.7455825805664,
        130.59510803222656,
        142.4817352294922,
        165.5318145751953,
        184.69418334960938,
        212.91473388671875,
        127.39956665039062
      ],
      "peak_layer": 35,
      "peak_value": 212.91473388671875
    },
    "multilingual": {
      "n_images": 4,
      "mean_curve": [
        16.725006103515625,
        21.665090560913086,
        22.74430274963379,
        30.028995513916016,
        31.61670684814453,
        34.31535339355469,
        38.264129638671875,
        40.99669647216797,
        43.36500549316406,
        45.50709915161133,
        47.22629165649414,
        48.365360260009766,
        50.47491455078125,
        50.282806396484375,
        51.334503173828125,
        51.64280319213867,
        53.24152374267578,
        54.05548858642578,
        56.14463806152344,
        58.6163330078125,
        60.5715446472168,
        64.23700714111328,
        65.80654907226562,
        66.65291595458984,
        69.52232360839844,
        72.35567474365234,
        75.6767807006836,
        81.2259750366211,
        85.25300598144531,
        90.15558624267578,
        97.07122039794922,
        124.02643585205078,
        140.3268585205078,
        164.00828552246094,
        186.0745849609375,
        215.05592346191406,
        127.99539184570312
      ],
      "peak_layer": 35,
      "peak_value": 215.05592346191406
    }
  },
  "per_image_peak_layer": {
    "01_docvqa": 35,
    "02_docvqa": 35,
    "03_docvqa": 35,
    "04_docvqa": 35,
    "05_docvqa": 35,
    "06_docvqa": 35,
    "07_handwritten": 35,
    "08_handwritten": 35,
    "09_handwritten": 35,
    "10_handwritten": 35,
    "11_arxiv_equation": 35,
    "12_arxiv_equation": 35,
    "13_arxiv_equation": 35,
    "14_arxiv_equation": 35,
    "15_receipt": 35,
    "16_receipt": 35,
    "17_receipt": 35,
    "18_receipt": 35,
    "19_form": 35,
    "20_form": 35,
    "21_form": 35,
    "22_form": 35,
    "23_multilingual_zh_cn": 35,
    "24_multilingual_ar": 35,
    "25_multilingual_ja": 35,
    "26_multilingual_fr": 35
  },
  "peak_layer_mode": 35,
  "peak_layer_distribution": {
    "35": 26
  }
}