{
  "num_images": 26,
  "num_layers": 37,
  "ocr2_vs_base_layer_mean": [
    25.03542137145996,
    29.97641944885254,
    30.984989166259766,
    38.20248794555664,
    39.55769729614258,
    41.74193572998047,
    44.46541976928711,
    46.38310241699219,
    48.09169006347656,
    49.79097366333008,
    51.73008728027344,
    52.872596740722656,
    54.905460357666016,
    54.85874557495117,
    56.044593811035156,
    56.260005950927734,
    57.460445404052734,
    57.920005798339844,
    59.67641830444336,
    61.93902587890625,
    64.30381774902344,
    67.62432098388672,
    68.94790649414062,
    69.73853302001953,
    72.65882110595703,
    75.46820831298828,
    78.73217010498047,
    83.98131561279297,
    88.85578918457031,
    93.67355346679688,
    100.16093444824219,
    126.63005828857422,
    141.17803955078125,
    164.72991943359375,
    185.2429962158203,
    214.36009216308594,
    129.29205322265625
  ],
  "ocr_s_vs_base_layer_mean": [
    20.581449508666992,
    24.225141525268555,
    24.858247756958008,
    25.81871223449707,
    26.781139373779297,
    28.359651565551758,
    30.44192123413086,
    31.593647003173828,
    32.966617584228516,
    34.309165954589844,
    36.05312728881836,
    37.19808578491211,
    39.081180572509766,
    39.24242401123047,
    40.36627960205078,
    40.635398864746094,
    41.78929138183594,
    42.045616149902344,
    43.62093734741211,
    45.50419235229492,
    47.827308654785156,
    50.72926330566406,
    51.825050354003906,
    52.58577346801758,
    55.10869598388672,
    57.62975311279297,
    60.433475494384766,
    64.88831329345703,
    69.15775299072266,
    73.63642120361328,
    79.01277160644531,
    90.75772857666016,
    103.04195404052734,
    123.52808380126953,
    142.333251953125,
    168.8349609375,
    110.56117248535156
  ],
  "ocr2_peak_layer": 35,
  "ocr_s_peak_layer": 35,
  "ocr2_peak_value": 214.36009216308594,
  "ocr_s_peak_value": 168.8349609375,
  "corroboration_score_pearson_r": 0.9962948926117718,
  "image_ids": [
    "01_docvqa",
    "02_docvqa",
    "03_docvqa",
    "04_docvqa",
    "05_docvqa",
    "06_docvqa",
    "07_handwritten",
    "08_handwritten",
    "09_handwritten",
    "10_handwritten",
    "11_arxiv_equation",
    "12_arxiv_equation",
    "13_arxiv_equation",
    "14_arxiv_equation",
    "15_receipt",
    "16_receipt",
    "17_receipt",
    "18_receipt",
    "19_form",
    "20_form",
    "21_form",
    "22_form",
    "23_multilingual_zh_cn",
    "24_multilingual_ar",
    "25_multilingual_ja",
    "26_multilingual_fr"
  ]
}