{
  "n_images": 26,
  "pre_image_per_layer_mean": [
    0.0,
    6.21275520324707,
    10.591532707214355,
    182.60450744628906,
    185.92062377929688,
    189.73260498046875,
    192.0245819091797,
    194.12696838378906,
    196.79254150390625,
    199.30487060546875,
    200.07537841796875,
    199.99493408203125,
    203.39064025878906,
    204.04339599609375,
    204.89797973632812,
    206.15577697753906,
    206.83206176757812,
    208.38003540039062,
    209.9498748779297,
    210.5283203125,
    211.81446838378906,
    212.30319213867188,
    213.75149536132812,
    215.53367614746094,
    216.87942504882812,
    218.7789764404297,
    220.78663635253906,
    223.72802734375,
    227.93161010742188,
    233.40542602539062,
    240.25344848632812,
    424.5413513183594,
    437.0543518066406,
    458.0400085449219,
    470.8034362792969,
    481.18292236328125,
    133.20945739746094
  ],
  "image_per_layer_mean": [
    40.957210540771484,
    46.29583740234375,
    47.22333526611328,
    47.88187789916992,
    48.86217498779297,
    51.25753402709961,
    54.489219665527344,
    55.76597213745117,
    57.26306915283203,
    58.95100402832031,
    60.83049011230469,
    61.956600189208984,
    63.635128021240234,
    63.313255310058594,
    64.69583129882812,
    64.60802459716797,
    65.72359466552734,
    65.41596984863281,
    67.11921691894531,
    69.04045867919922,
    71.06410217285156,
    74.65040588378906,
    75.79480743408203,
    75.98765563964844,
    78.67757415771484,
    80.74888610839844,
    83.2763671875,
    87.61719512939453,
    91.86872863769531,
    94.79772186279297,
    99.24665069580078,
    109.24343872070312,
    122.32357025146484,
    142.95274353027344,
    157.20663452148438,
    182.83413696289062,
    128.47100830078125
  ],
  "post_image_per_layer_mean": [
    0.0,
    4.106651782989502,
    4.897573471069336,
    6.308710098266602,
    8.12479305267334,
    9.77194881439209,
    11.668349266052246,
    14.682825088500977,
    16.656057357788086,
    18.29183578491211,
    20.44173812866211,
    21.72466278076172,
    24.22081756591797,
    24.580533981323242,
    25.45268440246582,
    26.078550338745117,
    27.464536666870117,
    29.134361267089844,
    30.997316360473633,
    34.020442962646484,
    37.10997772216797,
    40.2626953125,
    41.88015365600586,
    43.59543228149414,
    47.06987762451172,
    51.25406265258789,
    55.90835952758789,
    62.98622512817383,
    69.07996368408203,
    77.14007568359375,
    87.14938354492188,
    125.65110778808594,
    142.93606567382812,
    171.80845642089844,
    203.990966796875,
    241.05897521972656,
    130.02603149414062
  ],
  "peak_layer_pre_image": 35,
  "peak_layer_image": 35,
  "peak_layer_post_image": 35,
  "L35_values": {
    "pre": 481.18292236328125,
    "image": 182.83413696289062,
    "post": 241.05897521972656,
    "total": 905.0760345458984
  },
  "L35_shares": {
    "pre": 0.5316491697901419,
    "image": 0.20200969861567855,
    "post": 0.2663411315941784
  }
}